feature,importance.05,importance,importance.95,permutation.error,.interaction
bulk_density,0.95118359585285,1.0088323799389975,1.0683791612494264,0.03391416195779162,0
horiz_orient,0.9317175504137936,0.9989972015764781,1.0729041759097715,0.033583530389551884,0
pred_vp,1.3438356852359334,1.5435198317979841,2.1407822701995762,0.05188887926438826,0
shale_group,0.9477728341357441,1.007156438871539,1.067829949908586,0.03385782144184095,0
