feature,importance.05,importance,importance.95,permutation.error,.interaction
bulk_density,0.9201031201382833,0.9962354375086601,1.0493961683377646,0.13232401364032792,0
horiz_orient,0.9388678176784215,1.0035746021940393,1.061319193195091,0.1332988311296207,0
pred_vp,0.9891469134630286,1.0441883435239832,1.1091214608385138,0.13869331225264492,0
pred_vs,0.9278746112426599,0.9976203271425299,1.0653083307713773,0.13250796027372697,0
shale_group,0.9533240516779918,1.017084112213055,1.0642288356961935,0.13509321880217812,0
