feature,importance.05,importance,importance.95,permutation.error,.interaction
bulk_density,0.9999165572844553,1.000736365769122,1.001359018621305,4.438509756433026,2.0220551996868038e-16
horiz_orient,1.2754331557413745,1.3182568703450253,1.362302422157064,5.846790604051214,1.470836143779859e-16
pred_vp,2.9604757593409294,3.085803679422308,3.181038960934745,13.686291620896993,1.0443222238317354e-16
shale_group,1.000915073463307,1.0101731811796322,1.017764536509893,4.480364333424455,0
