feature,importance.05,importance,importance.95,permutation.error,.interaction
bulk_density,0.9598842631819775,1.0042245023966658,1.0670453774791295,0.03375808156500082,0
horiz_orient,0.936858446189472,0.9991530871359332,1.0570265559173726,0.0335876005125935,0
pred_vp,1.3357736119534838,1.5442251465600383,2.1196420004501495,0.05191078123256933,0
pred_vs,0.9440489345359302,0.9880995879717771,1.0830314763241558,0.0332160253065796,0
shale_group,0.9348532445199715,0.9971306114497437,1.061453257090215,0.03351961282755427,0
