feature,importance.05,importance,importance.95,permutation.error,.interaction
bulk_density,1.630832579307972,1.7015263188989245,1.7371806364634557,0.03317495942131074,0.3629106267181295
horiz_orient,1.1275390357137014,1.1504379217552314,1.1727619386096704,0.022430291525354903,0.12847615334348594
pred_vp,2.0274776158645182,2.1020795921035744,2.2077082247678814,0.04098461739547389,0.2393250930156328
pred_vs,1.4995590694116303,1.5404269125307006,1.5840206362973994,0.03003397581752991,0.37755436490047684
shale_group,1.0092216407323151,1.0125597462243352,1.0163086243734412,0.01974205636406642,0.044208164000237464
