feature,importance.05,importance,importance.95,permutation.error,.interaction
bulk_density,1,1,1,0.13282403803185092,0
horiz_orient,1,1,1,0.13282403803185092,0
pred_vp,1.0270369630313718,1.049206379091404,1.0696563232737892,0.13935982799969723,0
shale_group,1,1,1,0.13282403803185092,0
