feature,importance.05,importance,importance.95,permutation.error,.interaction
bulk_density,1.0215469628225389,1.0474420758877108,1.0707057209007522,4.4563498224955325,2.8396819230364477e-16
horiz_orient,1.1951355521455889,1.216363238197831,1.2504650760334544,5.175026118784727,3.299670808431879e-16
pred_vp,3.3623946071323534,3.529264918425505,3.7173051552566525,15.015282901859738,1.8214424439596932e-16
shale_group,1,1,1,4.254507170450224,0
