feature,importance.05,importance,importance.95,permutation.error,.interaction
bulk_density,1.4244528685371274,1.548022890643382,1.702312567171929,4.2212514628787225,0.13996526003566165
horiz_orient,1.2154926040287295,1.5392033422626419,1.8863026035175365,4.19720173355679,0.1446085292405355
pred_vp,4.170820160182053,5.066068958192384,7.071276308858277,13.81449275076681,0.2417934614884339
shale_group,0.9385778227285353,1.0044538787227522,1.1030190498838703,2.7390114387716795,0.015106213345076853
