feature,importance.05,importance,importance.95,permutation.error,.interaction
bulk_density,1,1,1,0.13465943154013083,0
horiz_orient,1,1,1,0.13465943154013083,0
pred_vp,1,1,1,0.13465943154013083,0
pred_vs,1.0006958466158866,1.0028809169802462,1.004273613977425,0.13504737418300508,0
shale_group,1.0046945088511288,1.0140861969166655,1.0225811424845697,0.13655627080949134,0
