feature,importance.05,importance,importance.95,permutation.error,.interaction
bulk_density,1,1,1,4.045767371536667,0
horiz_orient,1,1,1,4.045767371536667,0
pred_vp,1.6179325387651966,1.6756388226958963,1.7616584081187243,6.779244875343171,2.1278078288696572e-16
pred_vs,2.5527348670685197,2.704284874298313,2.785885682787583,10.940907507776252,2.752577879138023e-16
shale_group,1,1,1,4.045767371536667,0
