feature,importance.05,importance,importance.95,permutation.error,.interaction
bulk_density,0.9740359474748252,1.0484052094263323,1.1254577071432794,0.03523433150390726,5.57606775847293e-16
horiz_orient,0.9271705417825775,1.002190844400592,1.0709723744807984,0.03368117987615972,0
pred_vp,1.1658207326676293,1.2719481909520267,1.5215131052184598,0.042747063647577105,5.60555590043704e-16
pred_vs,0.9727892899948171,1.0548997008298233,1.1201129054795969,0.035452595454717926,8.590605614493248e-16
shale_group,0.9557316497389949,1.013699309876816,1.0903476560436287,0.03406795121613848,0
