feature,importance.05,importance,importance.95,permutation.error,.interaction
bulk_density,1.0119819313319671,1.0237683171528933,1.0342640633365559,0.033914051195347246,9.223557611346895e-16
horiz_orient,0.9998060777009182,0.9999374165712137,1.000087518137266,0.033124612443612936,8.07012651209678e-16
pred_vp,1.4784191328589589,1.5185600349006907,1.5691394341715181,0.05030486087912314,9.190421743201276e-16
shale_group,1,1,1,0.033126685625183686,0
