feature,importance.05,importance,importance.95,permutation.error,.interaction
bulk_density,0.9596846641289856,1.0030431324782376,1.0605375512112603,0.13545766008551946,0
horiz_orient,0.9440943126256484,1.0022773205614723,1.085697648836286,0.13535423971709093,0
pred_vp,0.9562598706736076,1.0028771891229447,1.0794625639882576,0.13543524998381307,NaN
shale_group,0.9616550639402939,1.0053963356090214,1.0508963727058915,0.1357754523912345,NaN
