feature,importance.05,importance,importance.95,permutation.error,.interaction
bulk_density,1.4790888031910276,1.5377834186559398,1.5817639467313942,3.3930689397833564,0.12389426015946188
horiz_orient,1.1443729089165569,1.173589152193391,1.2065017140585608,2.5894861734525025,0.04352736022129261
pred_vp,2.629182607297584,2.720587278997117,2.863882976138033,6.00288706611434,0.1762240466755099
pred_vs,4.485166602997167,4.758137679008007,5.015570571076415,10.498675544288147,0.18784346657018022
shale_group,1.0093486241412388,1.012380600004791,1.016267957482068,2.2337847628229963,0.003554606294079951
